{"_wandb":{"runtime":6},"Recall_dataset_0":0.4384145732218224,"epoch_elapesed_time":18.834052562713623,"_step":49,"_runtime":1.3634722959999999,"_timestamp":1.731667482474507e+09,"train_loss":3.403887245119391,"NDCG_dataset_0":0.209496444550946}